"filename", "language", "JSON with Comments", "JavaScript", "Svelte", "TypeScript", "JSON", "YAML", "comment", "blank", "total"
"c:\Users\justi\Desktop\toyo\toyo\.github\workflows\toyo-netlify-dev.yml", "YAML", 0, 0, 0, 0, 0, 5, 0, 4, 9
"c:\Users\justi\Desktop\toyo\toyo\package-lock.json", "JSON", 0, 0, 0, 0, 49, 0, 0, 0, 49
"c:\Users\justi\Desktop\toyo\toyo\package.json", "JSON", 0, 0, 0, 0, 2, 0, 0, 0, 2
"c:\Users\justi\Desktop\toyo\toyo\src\lib\EventPreview.svelte", "Svelte", 0, 0, 35, 0, 0, 0, 0, 5, 40
"c:\Users\justi\Desktop\toyo\toyo\src\lib\buttons\blueCtaButton.svelte", "Svelte", 0, 0, 4, 0, 0, 0, 0, 1, 5
"c:\Users\justi\Desktop\toyo\toyo\src\lib\buttons\ctaButton.svelte", "Svelte", 0, 0, 2, 0, 0, 0, 0, 0, 2
"c:\Users\justi\Desktop\toyo\toyo\src\lib\buttons\redCtaButton.svelte", "Svelte", 0, 0, 4, 0, 0, 0, 0, 0, 4
"c:\Users\justi\Desktop\toyo\toyo\src\lib\courses\CourseDescription.svelte", "Svelte", 0, 0, 0, 0, 0, 0, 0, 1, 1
"c:\Users\justi\Desktop\toyo\toyo\src\lib\courses\CourseHero.svelte", "Svelte", 0, 0, 0, 0, 0, 0, 0, 1, 1
"c:\Users\justi\Desktop\toyo\toyo\src\lib\courses\CoursePreview.svelte", "Svelte", 0, 0, 0, 0, 0, 0, 0, 1, 1
"c:\Users\justi\Desktop\toyo\toyo\src\lib\courses\CourseTitle.svelte", "Svelte", 0, 0, 0, 0, 0, 0, 0, 1, 1
"c:\Users\justi\Desktop\toyo\toyo\src\lib\events.ts", "TypeScript", 0, 0, 0, 23, 0, 0, 0, 2, 25
"c:\Users\justi\Desktop\toyo\toyo\src\lib\faq\Collection.svelte", "Svelte", 0, 0, 0, 0, 0, 0, 0, -1, -1
"c:\Users\justi\Desktop\toyo\toyo\src\lib\faq\CollectionLink.svelte", "Svelte", 0, 0, 28, 0, 0, 0, 0, 5, 33
"c:\Users\justi\Desktop\toyo\toyo\src\lib\faq\FaqDefs.ts", "TypeScript", 0, 0, 0, 130, 0, 0, 0, 2, 132
"c:\Users\justi\Desktop\toyo\toyo\src\lib\faq\LinkList.svelte", "Svelte", 0, 0, 19, 0, 0, 0, 0, 4, 23
"c:\Users\justi\Desktop\toyo\toyo\src\lib\footer\Footer.svelte", "Svelte", 0, 0, 0, 0, 0, 0, 0, 1, 1
"c:\Users\justi\Desktop\toyo\toyo\src\lib\forms\ApplciationForm.svelte", "Svelte", 0, 0, 124, 0, 0, 0, 0, 12, 136
"c:\Users\justi\Desktop\toyo\toyo\src\lib\forms\ApplicationData.ts", "TypeScript", 0, 0, 0, -149, 0, 0, -3, -25, -177
"c:\Users\justi\Desktop\toyo\toyo\src\lib\forms\CampusSelector.svelte", "Svelte", 0, 0, -18, 0, 0, 0, 0, -3, -21
"c:\Users\justi\Desktop\toyo\toyo\src\lib\forms\ChoiceScroller.svelte", "Svelte", 0, 0, -1, 0, 0, 0, 0, 1, 0
"c:\Users\justi\Desktop\toyo\toyo\src\lib\forms\FormSection.svelte", "Svelte", 0, 0, 0, 0, 0, 0, 0, -1, -1
"c:\Users\justi\Desktop\toyo\toyo\src\lib\forms\GroupLesson.svelte", "Svelte", 0, 0, 10, 0, 0, 0, 0, 3, 13
"c:\Users\justi\Desktop\toyo\toyo\src\lib\forms\ProgressIndicatorWrapper.svelte", "Svelte", 0, 0, 14, 0, 0, 0, 0, 3, 17
"c:\Users\justi\Desktop\toyo\toyo\src\lib\forms\SchoolDataSection.svelte", "Svelte", 0, 0, -85, 0, 0, 0, 0, -13, -98
"c:\Users\justi\Desktop\toyo\toyo\src\lib\forms\TestSection.svelte", "Svelte", 0, 0, 94, 0, 0, 0, 0, 16, 110
"c:\Users\justi\Desktop\toyo\toyo\src\lib\forms\input\AddressInput.svelte", "Svelte", 0, 0, 113, 0, 0, 0, 0, 16, 129
"c:\Users\justi\Desktop\toyo\toyo\src\lib\forms\input\CheckboxInput.svelte", "Svelte", 0, 0, 40, 0, 0, 0, 0, 6, 46
"c:\Users\justi\Desktop\toyo\toyo\src\lib\forms\input\EmailWithConfirmation.svelte", "Svelte", 0, 0, 129, 0, 0, 0, 0, 18, 147
"c:\Users\justi\Desktop\toyo\toyo\src\lib\forms\input\ImageSelect.svelte", "Svelte", 0, 0, 13, 0, 0, 0, 0, 4, 17
"c:\Users\justi\Desktop\toyo\toyo\src\lib\forms\input\LargeTextInput.svelte", "Svelte", 0, 0, 71, 0, 0, 0, 0, 9, 80
"c:\Users\justi\Desktop\toyo\toyo\src\lib\forms\input\PhoneInput.svelte", "Svelte", 0, 0, 153, 0, 0, 0, 0, 16, 169
"c:\Users\justi\Desktop\toyo\toyo\src\lib\forms\input\ProgressBar.svelte", "Svelte", 0, 0, 21, 0, 0, 0, 0, 4, 25
"c:\Users\justi\Desktop\toyo\toyo\src\lib\forms\input\RadioInput.svelte", "Svelte", 0, 0, 13, 0, 0, 0, 0, 2, 15
"c:\Users\justi\Desktop\toyo\toyo\src\lib\forms\input\SelectInput.svelte", "Svelte", 0, 0, 0, 0, 0, 0, 0, 3, 3
"c:\Users\justi\Desktop\toyo\toyo\src\lib\forms\input\SelectInputWithLabel.svelte", "Svelte", 0, 0, 61, 0, 0, 0, 0, 8, 69
"c:\Users\justi\Desktop\toyo\toyo\src\lib\forms\input\TextInput.svelte", "Svelte", 0, 0, 17, 0, 0, 0, 0, 1, 18
"c:\Users\justi\Desktop\toyo\toyo\src\lib\forms\subforms\AgreeSubform.svelte", "Svelte", 0, 0, 87, 0, 0, 0, 0, 17, 104
"c:\Users\justi\Desktop\toyo\toyo\src\lib\forms\subforms\AgreeSubformData.ts", "TypeScript", 0, 0, 0, 57, 0, 0, 0, 9, 66
"c:\Users\justi\Desktop\toyo\toyo\src\lib\forms\subforms\PersonalSubform.svelte", "Svelte", 0, 0, 234, 0, 0, 0, 0, 13, 247
"c:\Users\justi\Desktop\toyo\toyo\src\lib\forms\subforms\PersonalSubformData.ts", "TypeScript", 0, 0, 0, 357, 0, 0, 6, 59, 422
"c:\Users\justi\Desktop\toyo\toyo\src\lib\forms\subforms\ScheduleSubform.svelte", "Svelte", 0, 0, 319, 0, 0, 0, 0, 34, 353
"c:\Users\justi\Desktop\toyo\toyo\src\lib\forms\subforms\ScheduleSubformData.ts", "TypeScript", 0, 0, 0, 180, 0, 0, 1, 15, 196
"c:\Users\justi\Desktop\toyo\toyo\src\lib\forms\subforms\SchoolSubform.svelte", "Svelte", 0, 0, 191, 0, 0, 0, 0, 26, 217
"c:\Users\justi\Desktop\toyo\toyo\src\lib\forms\subforms\SchoolSubformData.ts", "TypeScript", 0, 0, 0, 78, 0, 0, 3, 16, 97
"c:\Users\justi\Desktop\toyo\toyo\src\lib\forms\text\FormSectionDescription.svelte", "Svelte", 0, 0, 5, 0, 0, 0, 0, 2, 7
"c:\Users\justi\Desktop\toyo\toyo\src\lib\forms\text\FormSectionHeading.svelte", "Svelte", 0, 0, 5, 0, 0, 0, 0, 1, 6
"c:\Users\justi\Desktop\toyo\toyo\src\lib\headers\LineHeading.svelte", "Svelte", 0, 0, 11, 0, 0, 0, 0, 2, 13
"c:\Users\justi\Desktop\toyo\toyo\src\lib\hero\HeroTitle.svelte", "Svelte", 0, 0, 1, 0, 0, 0, 0, 0, 1
"c:\Users\justi\Desktop\toyo\toyo\src\lib\navbar\LinkDefs.ts", "TypeScript", 0, 0, 0, 49, 0, 0, 0, 0, 49
"c:\Users\justi\Desktop\toyo\toyo\src\lib\navbar\NavButton.svelte", "Svelte", 0, 0, 2, 0, 0, 0, 0, 0, 2
"c:\Users\justi\Desktop\toyo\toyo\src\lib\navbar\Navbar.svelte", "Svelte", 0, 0, 7, 0, 0, 0, 0, 0, 7
"c:\Users\justi\Desktop\toyo\toyo\src\lib\store\applicationForm.ts", "TypeScript", 0, 0, 0, 42, 0, 0, 0, 11, 53
"c:\Users\justi\Desktop\toyo\toyo\src\lib\store\formUpdates.ts", "TypeScript", 0, 0, 0, 4, 0, 0, 0, 2, 6
"c:\Users\justi\Desktop\toyo\toyo\src\lib\store\personalSubform.ts", "TypeScript", 0, 0, 0, 23, 0, 0, 0, 2, 25
"c:\Users\justi\Desktop\toyo\toyo\src\lib\store\scheduleSubform.ts", "TypeScript", 0, 0, 0, 35, 0, 0, 0, 3, 38
"c:\Users\justi\Desktop\toyo\toyo\src\lib\store\schoolSubform.ts", "TypeScript", 0, 0, 0, 5, 0, 0, 0, 2, 7
"c:\Users\justi\Desktop\toyo\toyo\src\lib\store\sessionStorage.js", "JavaScript", 0, 9, 0, 0, 0, 0, 1, 3, 13
"c:\Users\justi\Desktop\toyo\toyo\src\lib\testimonials\TestimonialData.ts", "TypeScript", 0, 0, 0, 7, 0, 0, 0, 4, 11
"c:\Users\justi\Desktop\toyo\toyo\src\lib\transitions\PageTransition.svelte", "Svelte", 0, 0, 3, 0, 0, 0, 0, 2, 5
"c:\Users\justi\Desktop\toyo\toyo\src\routes\(app)\+layout.js", "JavaScript", 0, 7, 0, 0, 0, 0, 0, 3, 10
"c:\Users\justi\Desktop\toyo\toyo\src\routes\(app)\+layout@.svelte", "Svelte", 0, 0, 44, 0, 0, 0, 0, 9, 53
"c:\Users\justi\Desktop\toyo\toyo\src\routes\(app)\+page.js", "JavaScript", 0, 5, 0, 0, 0, 0, 0, 1, 6
"c:\Users\justi\Desktop\toyo\toyo\src\routes\(app)\+page.svelte", "Svelte", 0, 0, 103, 0, 0, 0, 0, 6, 109
"c:\Users\justi\Desktop\toyo\toyo\src\routes\(app)\university\about\+page.svelte", "Svelte", 0, 0, 96, 0, 0, 0, 0, 13, 109
"c:\Users\justi\Desktop\toyo\toyo\src\routes\(app)\university\apply\+page.svelte", "Svelte", 0, 0, 13, 0, 0, 0, 0, 3, 16
"c:\Users\justi\Desktop\toyo\toyo\src\routes\(app)\university\details\+page.svelte", "Svelte", 0, 0, 6, 0, 0, 0, 0, 2, 8
"c:\Users\justi\Desktop\toyo\toyo\src\routes\(app)\university\faq\+page.svelte", "Svelte", 0, 0, 24, 0, 0, 0, 0, 3, 27
"c:\Users\justi\Desktop\toyo\toyo\src\routes\(app)\university\news\+page.svelte", "Svelte", 0, 0, 4, 0, 0, 0, 0, 2, 6
"c:\Users\justi\Desktop\toyo\toyo\src\routes\(site)\+layout.svelte", "Svelte", 0, 0, -39, 0, 0, 0, 0, -7, -46
"c:\Users\justi\Desktop\toyo\toyo\src\routes\(site)\+page.svelte", "Svelte", 0, 0, -103, 0, 0, 0, 0, -7, -110
"c:\Users\justi\Desktop\toyo\toyo\src\routes\(site)\about\+page.svelte", "Svelte", 0, 0, -94, 0, 0, 0, 0, -15, -109
"c:\Users\justi\Desktop\toyo\toyo\src\routes\(site)\details\+page.svelte", "Svelte", 0, 0, -6, 0, 0, 0, 0, -2, -8
"c:\Users\justi\Desktop\toyo\toyo\src\routes\(site)\faq\+page.svelte", "Svelte", 0, 0, -19, 0, 0, 0, 0, -3, -22
"c:\Users\justi\Desktop\toyo\toyo\src\routes\(site)\guides\+layout.svelte", "Svelte", 0, 0, -4, 0, 0, 0, 0, -2, -6
"c:\Users\justi\Desktop\toyo\toyo\src\routes\(site)\guides\+page.svelte", "Svelte", 0, 0, -8, 0, 0, 0, 0, -2, -10
"c:\Users\justi\Desktop\toyo\toyo\src\routes\(special)\+layout.js", "JavaScript", 0, 7, 0, 0, 0, 0, 0, 3, 10
"c:\Users\justi\Desktop\toyo\toyo\src\routes\(special)\+layout.svelte", "Svelte", 0, 0, -37, 0, 0, 0, 0, -7, -44
"c:\Users\justi\Desktop\toyo\toyo\src\routes\(special)\+layout@.svelte", "Svelte", 0, 0, 41, 0, 0, 0, 1, 9, 51
"c:\Users\justi\Desktop\toyo\toyo\src\routes\(special)\special\+page.js", "JavaScript", 0, 5, 0, 0, 0, 0, 0, 1, 6
"c:\Users\justi\Desktop\toyo\toyo\src\routes\(special)\special\+page.svelte", "Svelte", 0, 0, 23, 0, 0, 0, 0, 4, 27
"c:\Users\justi\Desktop\toyo\toyo\src\routes\(special)\special\public\+page.svelte", "Svelte", 0, 0, 3, 0, 0, 0, 0, 2, 5
"c:\Users\justi\Desktop\toyo\toyo\src\routes\(special)\special\specialfaq\+page.svelte", "Svelte", 0, 0, 25, 0, 0, 0, 0, 4, 29
"c:\Users\justi\Desktop\toyo\toyo\src\routes\(special)\special\specialnews\+page.svelte", "Svelte", 0, 0, 3, 0, 0, 0, 0, 2, 5
"c:\Users\justi\Desktop\toyo\toyo\src\routes\(special)\special\students\+page.svelte", "Svelte", 0, 0, 3, 0, 0, 0, 0, 2, 5
"c:\Users\justi\Desktop\toyo\toyo\src\routes\+layout.js", "JavaScript", 0, -1, 0, 0, 0, 0, 0, -1, -2
"c:\Users\justi\Desktop\toyo\toyo\src\routes\+layout.svelte", "Svelte", 0, 0, 1, 0, 0, 0, 0, 1, 2
"c:\Users\justi\Desktop\toyo\toyo\svelte.config.js", "JavaScript", 0, 5, 0, 0, 0, 0, -2, 0, 3
"c:\Users\justi\Desktop\toyo\toyo\tsconfig.json", "JSON with Comments", 1, 0, 0, 0, 0, 0, -1, 0, 0
"c:\Users\justi\Desktop\toyo\toyo\vite.config.js", "JavaScript", 0, 4, 0, 0, 0, 0, 1, 1, 6
"Total", "-", 1, 41, 1805, 841, 51, 5, 7, 355, 3106