"filename", "language", "JSON with Comments", "JavaScript", "Svelte", "TypeScript", "CSS", "HTML", "Markdown", "Prisma", "JSON", "Docker", "YAML", "comment", "blank", "total"
"c:\Users\justi\Desktop\toyo\toyo\.eslintrc.cjs", "JavaScript", 0, 20, 0, 0, 0, 0, 0, 0, 0, 0, 0, 0, 1, 21
"c:\Users\justi\Desktop\toyo\toyo\.github\workflows\toyo-dev-env.yml", "YAML", 0, 0, 0, 0, 0, 0, 0, 0, 0, 0, 0, 0, 2, 2
"c:\Users\justi\Desktop\toyo\toyo\.github\workflows\toyo-netlify-dev.yml", "YAML", 0, 0, 0, 0, 0, 0, 0, 0, 0, 0, 5, 0, 4, 9
"c:\Users\justi\Desktop\toyo\toyo\Dockerfile", "Docker", 0, 0, 0, 0, 0, 0, 0, 0, 0, 15, 0, 0, 8, 23
"c:\Users\justi\Desktop\toyo\toyo\README.md", "Markdown", 0, 0, 0, 0, 0, 0, 24, 0, 0, 0, 0, 0, 15, 39
"c:\Users\justi\Desktop\toyo\toyo\package-lock.json", "JSON", 0, 0, 0, 0, 0, 0, 0, 0, 7421, 0, 0, 0, 1, 7422
"c:\Users\justi\Desktop\toyo\toyo\package.json", "JSON", 0, 0, 0, 0, 0, 0, 0, 0, 52, 0, 0, 0, 1, 53
"c:\Users\justi\Desktop\toyo\toyo\postcss.config.cjs", "JavaScript", 0, 6, 0, 0, 0, 0, 0, 0, 0, 0, 0, 0, 1, 7
"c:\Users\justi\Desktop\toyo\toyo\prisma\schema.prisma", "Prisma", 0, 0, 0, 0, 0, 0, 0, 53, 0, 0, 0, 2, 12, 67
"c:\Users\justi\Desktop\toyo\toyo\src\app.css", "CSS", 0, 0, 0, 0, 15, 0, 0, 0, 0, 0, 0, 0, 5, 20
"c:\Users\justi\Desktop\toyo\toyo\src\app.d.ts", "TypeScript", 0, 0, 0, 2, 0, 0, 0, 0, 0, 0, 0, 7, 1, 10
"c:\Users\justi\Desktop\toyo\toyo\src\app.html", "HTML", 0, 0, 0, 0, 0, 11, 0, 0, 0, 0, 0, 0, 1, 12
"c:\Users\justi\Desktop\toyo\toyo\src\lib\EventPreview.svelte", "Svelte", 0, 0, 35, 0, 0, 0, 0, 0, 0, 0, 0, 0, 5, 40
"c:\Users\justi\Desktop\toyo\toyo\src\lib\buttons\ToTop.svelte", "Svelte", 0, 0, 19, 0, 0, 0, 0, 0, 0, 0, 0, 0, 3, 22
"c:\Users\justi\Desktop\toyo\toyo\src\lib\buttons\blueCtaButton.svelte", "Svelte", 0, 0, 10, 0, 0, 0, 0, 0, 0, 0, 0, 0, 2, 12
"c:\Users\justi\Desktop\toyo\toyo\src\lib\buttons\ctaButton.svelte", "Svelte", 0, 0, 10, 0, 0, 0, 0, 0, 0, 0, 0, 0, 2, 12
"c:\Users\justi\Desktop\toyo\toyo\src\lib\buttons\redCtaButton.svelte", "Svelte", 0, 0, 10, 0, 0, 0, 0, 0, 0, 0, 0, 0, 2, 12
"c:\Users\justi\Desktop\toyo\toyo\src\lib\cards\card.svelte", "Svelte", 0, 0, 22, 0, 0, 0, 0, 0, 0, 0, 0, 0, 2, 24
"c:\Users\justi\Desktop\toyo\toyo\src\lib\cards\threeCardContainer.svelte", "Svelte", 0, 0, 26, 0, 0, 0, 0, 0, 0, 0, 0, 0, 4, 30
"c:\Users\justi\Desktop\toyo\toyo\src\lib\courses\CourseDescription.svelte", "Svelte", 0, 0, 0, 0, 0, 0, 0, 0, 0, 0, 0, 0, 1, 1
"c:\Users\justi\Desktop\toyo\toyo\src\lib\courses\CourseHero.svelte", "Svelte", 0, 0, 0, 0, 0, 0, 0, 0, 0, 0, 0, 0, 1, 1
"c:\Users\justi\Desktop\toyo\toyo\src\lib\courses\CoursePreview.svelte", "Svelte", 0, 0, 0, 0, 0, 0, 0, 0, 0, 0, 0, 0, 1, 1
"c:\Users\justi\Desktop\toyo\toyo\src\lib\courses\CourseTitle.svelte", "Svelte", 0, 0, 0, 0, 0, 0, 0, 0, 0, 0, 0, 0, 1, 1
"c:\Users\justi\Desktop\toyo\toyo\src\lib\events.ts", "TypeScript", 0, 0, 0, 23, 0, 0, 0, 0, 0, 0, 0, 0, 2, 25
"c:\Users\justi\Desktop\toyo\toyo\src\lib\faq\CollectionLink.svelte", "Svelte", 0, 0, 71, 0, 0, 0, 0, 0, 0, 0, 0, 0, 14, 85
"c:\Users\justi\Desktop\toyo\toyo\src\lib\faq\FaqDefs.ts", "TypeScript", 0, 0, 0, 322, 0, 0, 0, 0, 0, 0, 0, 0, 5, 327
"c:\Users\justi\Desktop\toyo\toyo\src\lib\faq\LinkList.svelte", "Svelte", 0, 0, 50, 0, 0, 0, 0, 0, 0, 0, 0, 0, 9, 59
"c:\Users\justi\Desktop\toyo\toyo\src\lib\faq\Question.svelte", "Svelte", 0, 0, 20, 0, 0, 0, 0, 0, 0, 0, 0, 0, 3, 23
"c:\Users\justi\Desktop\toyo\toyo\src\lib\footer\Footer.svelte", "Svelte", 0, 0, 123, 0, 0, 0, 0, 0, 0, 0, 0, 1, 8, 132
"c:\Users\justi\Desktop\toyo\toyo\src\lib\footer\LinkBox.svelte", "Svelte", 0, 0, 1, 0, 0, 0, 0, 0, 0, 0, 0, 0, 0, 1
"c:\Users\justi\Desktop\toyo\toyo\src\lib\forms\ApplciationForm.svelte", "Svelte", 0, 0, 173, 0, 0, 0, 0, 0, 0, 0, 0, 0, 27, 200
"c:\Users\justi\Desktop\toyo\toyo\src\lib\forms\ApplicationData.ts", "TypeScript", 0, 0, 0, 119, 0, 0, 0, 0, 0, 0, 0, 5, 27, 151
"c:\Users\justi\Desktop\toyo\toyo\src\lib\forms\ChoiceScroller.svelte", "Svelte", 0, 0, 48, 0, 0, 0, 0, 0, 0, 0, 0, 0, 7, 55
"c:\Users\justi\Desktop\toyo\toyo\src\lib\forms\CourseTypeSelector.svelte", "Svelte", 0, 0, 32, 0, 0, 0, 0, 0, 0, 0, 0, 0, 10, 42
"c:\Users\justi\Desktop\toyo\toyo\src\lib\forms\DaySelector.svelte", "Svelte", 0, 0, 2, 0, 0, 0, 0, 0, 0, 0, 0, 0, 2, 4
"c:\Users\justi\Desktop\toyo\toyo\src\lib\forms\GroupLesson.svelte", "Svelte", 0, 0, 77, 0, 0, 0, 0, 0, 0, 0, 0, 0, 19, 96
"c:\Users\justi\Desktop\toyo\toyo\src\lib\forms\LevelSelector.svelte", "Svelte", 0, 0, 19, 0, 0, 0, 0, 0, 0, 0, 0, 0, 4, 23
"c:\Users\justi\Desktop\toyo\toyo\src\lib\forms\ManToManForm.svelte", "Svelte", 0, 0, 0, 0, 0, 0, 0, 0, 0, 0, 0, 0, 1, 1
"c:\Users\justi\Desktop\toyo\toyo\src\lib\forms\ProgressIndicatorWrapper.svelte", "Svelte", 0, 0, 54, 0, 0, 0, 0, 0, 0, 0, 0, 0, 11, 65
"c:\Users\justi\Desktop\toyo\toyo\src\lib\forms\StudentInfo.svelte", "Svelte", 0, 0, 2, 0, 0, 0, 0, 0, 0, 0, 0, 0, 2, 4
"c:\Users\justi\Desktop\toyo\toyo\src\lib\forms\TestSection.svelte", "Svelte", 0, 0, 94, 0, 0, 0, 0, 0, 0, 0, 0, 0, 16, 110
"c:\Users\justi\Desktop\toyo\toyo\src\lib\forms\input\AddressInput.svelte", "Svelte", 0, 0, 113, 0, 0, 0, 0, 0, 0, 0, 0, 0, 17, 130
"c:\Users\justi\Desktop\toyo\toyo\src\lib\forms\input\BigSelectInput.svelte", "Svelte", 0, 0, 0, 0, 0, 0, 0, 0, 0, 0, 0, 0, 1, 1
"c:\Users\justi\Desktop\toyo\toyo\src\lib\forms\input\CheckboxInput.svelte", "Svelte", 0, 0, 40, 0, 0, 0, 0, 0, 0, 0, 0, 0, 6, 46
"c:\Users\justi\Desktop\toyo\toyo\src\lib\forms\input\EmailWithConfirmation.svelte", "Svelte", 0, 0, 129, 0, 0, 0, 0, 0, 0, 0, 0, 0, 18, 147
"c:\Users\justi\Desktop\toyo\toyo\src\lib\forms\input\ImageSelect.svelte", "Svelte", 0, 0, 39, 0, 0, 0, 0, 0, 0, 0, 0, 0, 8, 47
"c:\Users\justi\Desktop\toyo\toyo\src\lib\forms\input\LargeTextInput.svelte", "Svelte", 0, 0, 71, 0, 0, 0, 0, 0, 0, 0, 0, 0, 9, 80
"c:\Users\justi\Desktop\toyo\toyo\src\lib\forms\input\PhoneInput.svelte", "Svelte", 0, 0, 153, 0, 0, 0, 0, 0, 0, 0, 0, 0, 16, 169
"c:\Users\justi\Desktop\toyo\toyo\src\lib\forms\input\ProgressBar.svelte", "Svelte", 0, 0, 49, 0, 0, 0, 0, 0, 0, 0, 0, 0, 7, 56
"c:\Users\justi\Desktop\toyo\toyo\src\lib\forms\input\RadioInput.svelte", "Svelte", 0, 0, 54, 0, 0, 0, 0, 0, 0, 0, 0, 0, 9, 63
"c:\Users\justi\Desktop\toyo\toyo\src\lib\forms\input\SelectInput.svelte", "Svelte", 0, 0, 39, 0, 0, 0, 0, 0, 0, 0, 0, 0, 8, 47
"c:\Users\justi\Desktop\toyo\toyo\src\lib\forms\input\SelectInputWithLabel.svelte", "Svelte", 0, 0, 61, 0, 0, 0, 0, 0, 0, 0, 0, 0, 8, 69
"c:\Users\justi\Desktop\toyo\toyo\src\lib\forms\input\TextInput.svelte", "Svelte", 0, 0, 76, 0, 0, 0, 0, 0, 0, 0, 0, 0, 8, 84
"c:\Users\justi\Desktop\toyo\toyo\src\lib\forms\subforms\AgreeSubform.svelte", "Svelte", 0, 0, 87, 0, 0, 0, 0, 0, 0, 0, 0, 0, 17, 104
"c:\Users\justi\Desktop\toyo\toyo\src\lib\forms\subforms\AgreeSubformData.ts", "TypeScript", 0, 0, 0, 57, 0, 0, 0, 0, 0, 0, 0, 0, 9, 66
"c:\Users\justi\Desktop\toyo\toyo\src\lib\forms\subforms\PersonalSubform.svelte", "Svelte", 0, 0, 234, 0, 0, 0, 0, 0, 0, 0, 0, 0, 13, 247
"c:\Users\justi\Desktop\toyo\toyo\src\lib\forms\subforms\PersonalSubformData.ts", "TypeScript", 0, 0, 0, 357, 0, 0, 0, 0, 0, 0, 0, 6, 59, 422
"c:\Users\justi\Desktop\toyo\toyo\src\lib\forms\subforms\ScheduleSubform.svelte", "Svelte", 0, 0, 319, 0, 0, 0, 0, 0, 0, 0, 0, 0, 34, 353
"c:\Users\justi\Desktop\toyo\toyo\src\lib\forms\subforms\ScheduleSubformData.ts", "TypeScript", 0, 0, 0, 180, 0, 0, 0, 0, 0, 0, 0, 1, 15, 196
"c:\Users\justi\Desktop\toyo\toyo\src\lib\forms\subforms\SchoolSubform.svelte", "Svelte", 0, 0, 191, 0, 0, 0, 0, 0, 0, 0, 0, 0, 26, 217
"c:\Users\justi\Desktop\toyo\toyo\src\lib\forms\subforms\SchoolSubformData.ts", "TypeScript", 0, 0, 0, 78, 0, 0, 0, 0, 0, 0, 0, 3, 16, 97
"c:\Users\justi\Desktop\toyo\toyo\src\lib\forms\text\FormSectionDescription.svelte", "Svelte", 0, 0, 5, 0, 0, 0, 0, 0, 0, 0, 0, 0, 2, 7
"c:\Users\justi\Desktop\toyo\toyo\src\lib\forms\text\FormSectionHeading.svelte", "Svelte", 0, 0, 5, 0, 0, 0, 0, 0, 0, 0, 0, 0, 1, 6
"c:\Users\justi\Desktop\toyo\toyo\src\lib\headers\HighlightTitle.svelte", "Svelte", 0, 0, 26, 0, 0, 0, 0, 0, 0, 0, 0, 0, 6, 32
"c:\Users\justi\Desktop\toyo\toyo\src\lib\headers\LineHeading.svelte", "Svelte", 0, 0, 11, 0, 0, 0, 0, 0, 0, 0, 0, 0, 2, 13
"c:\Users\justi\Desktop\toyo\toyo\src\lib\headers\SubHeading.svelte", "Svelte", 0, 0, 3, 0, 0, 0, 0, 0, 0, 0, 0, 0, 1, 4
"c:\Users\justi\Desktop\toyo\toyo\src\lib\hero.svelte", "Svelte", 0, 0, 88, 0, 0, 0, 0, 0, 0, 0, 0, 0, 12, 100
"c:\Users\justi\Desktop\toyo\toyo\src\lib\hero\Hero.svelte", "Svelte", 0, 0, 1, 0, 0, 0, 0, 0, 0, 0, 0, 0, 0, 1
"c:\Users\justi\Desktop\toyo\toyo\src\lib\hero\HeroCTABox.svelte", "Svelte", 0, 0, 1, 0, 0, 0, 0, 0, 0, 0, 0, 0, 0, 1
"c:\Users\justi\Desktop\toyo\toyo\src\lib\hero\HeroDefs.ts", "TypeScript", 0, 0, 0, 52, 0, 0, 0, 0, 0, 0, 0, 0, 7, 59
"c:\Users\justi\Desktop\toyo\toyo\src\lib\hero\HeroImage.svelte", "Svelte", 0, 0, 12, 0, 0, 0, 0, 0, 0, 0, 0, 0, 3, 15
"c:\Users\justi\Desktop\toyo\toyo\src\lib\hero\HeroImageCarousel.svelte", "Svelte", 0, 0, 29, 0, 0, 0, 0, 0, 0, 0, 0, 1, 5, 35
"c:\Users\justi\Desktop\toyo\toyo\src\lib\hero\HeroScroller.svelte", "Svelte", 0, 0, 66, 0, 0, 0, 0, 0, 0, 0, 0, 0, 5, 71
"c:\Users\justi\Desktop\toyo\toyo\src\lib\hero\HeroText.svelte", "Svelte", 0, 0, 1, 0, 0, 0, 0, 0, 0, 0, 0, 0, 0, 1
"c:\Users\justi\Desktop\toyo\toyo\src\lib\hero\HeroTitle.svelte", "Svelte", 0, 0, 34, 0, 0, 0, 0, 0, 0, 0, 0, 0, 3, 37
"c:\Users\justi\Desktop\toyo\toyo\src\lib\hero\Pip.svelte", "Svelte", 0, 0, 19, 0, 0, 0, 0, 0, 0, 0, 0, 0, 5, 24
"c:\Users\justi\Desktop\toyo\toyo\src\lib\hero\PipBox.svelte", "Svelte", 0, 0, 10, 0, 0, 0, 0, 0, 0, 0, 0, 0, 3, 13
"c:\Users\justi\Desktop\toyo\toyo\src\lib\homepage\ApplicationProcess.svelte", "Svelte", 0, 0, 17, 0, 0, 0, 0, 0, 0, 0, 0, 0, 3, 20
"c:\Users\justi\Desktop\toyo\toyo\src\lib\media-wrappers\LogoWrapper.svelte", "Svelte", 0, 0, 10, 0, 0, 0, 0, 0, 0, 0, 0, 0, 2, 12
"c:\Users\justi\Desktop\toyo\toyo\src\lib\navbar\LinkDefs.ts", "TypeScript", 0, 0, 0, 131, 0, 0, 0, 0, 0, 0, 0, 0, 6, 137
"c:\Users\justi\Desktop\toyo\toyo\src\lib\navbar\NavButton.svelte", "Svelte", 0, 0, 64, 0, 0, 0, 0, 0, 0, 0, 0, 0, 6, 70
"c:\Users\justi\Desktop\toyo\toyo\src\lib\navbar\NavTypes.svelte", "Svelte", 0, 0, 12, 0, 0, 0, 0, 0, 0, 0, 0, 0, 3, 15
"c:\Users\justi\Desktop\toyo\toyo\src\lib\navbar\Navbar.svelte", "Svelte", 0, 0, 99, 0, 0, 0, 0, 0, 0, 0, 0, 0, 14, 113
"c:\Users\justi\Desktop\toyo\toyo\src\lib\navbar\mobile\Hamburger.svelte", "Svelte", 0, 0, 110, 0, 0, 0, 0, 0, 0, 0, 0, 0, 8, 118
"c:\Users\justi\Desktop\toyo\toyo\src\lib\navbar\mobile\HamburgerLink.svelte", "Svelte", 0, 0, 25, 0, 0, 0, 0, 0, 0, 0, 0, 0, 5, 30
"c:\Users\justi\Desktop\toyo\toyo\src\lib\news\Article.svelte", "Svelte", 0, 0, 32, 0, 0, 0, 0, 0, 0, 0, 0, 0, 5, 37
"c:\Users\justi\Desktop\toyo\toyo\src\lib\news\Tag.svelte", "Svelte", 0, 0, 36, 0, 0, 0, 0, 0, 0, 0, 0, 0, 6, 42
"c:\Users\justi\Desktop\toyo\toyo\src\lib\news\TagBox.svelte", "Svelte", 0, 0, 46, 0, 0, 0, 0, 0, 0, 0, 0, 0, 14, 60
"c:\Users\justi\Desktop\toyo\toyo\src\lib\news\TagDefs.ts", "TypeScript", 0, 0, 0, 38, 0, 0, 0, 0, 0, 0, 0, 0, 9, 47
"c:\Users\justi\Desktop\toyo\toyo\src\lib\news\TagSelector.svelte", "Svelte", 0, 0, 32, 0, 0, 0, 0, 0, 0, 0, 0, 0, 6, 38
"c:\Users\justi\Desktop\toyo\toyo\src\lib\news\TipTap.svelte", "Svelte", 0, 0, 88, 0, 0, 0, 0, 0, 0, 0, 0, 0, 19, 107
"c:\Users\justi\Desktop\toyo\toyo\src\lib\plan\PlanContents.svelte", "Svelte", 0, 0, 20, 0, 0, 0, 0, 0, 0, 0, 0, 0, 1, 21
"c:\Users\justi\Desktop\toyo\toyo\src\lib\plan\UserDisplay.svelte", "Svelte", 0, 0, 28, 0, 0, 0, 0, 0, 0, 0, 0, 0, 2, 30
"c:\Users\justi\Desktop\toyo\toyo\src\lib\social-components\MobileIcon.svelte", "Svelte", 0, 0, 0, 0, 0, 0, 0, 0, 0, 0, 0, 0, 1, 1
"c:\Users\justi\Desktop\toyo\toyo\src\lib\social-components\social.svelte", "Svelte", 0, 0, 25, 0, 0, 0, 0, 0, 0, 0, 0, 0, 3, 28
"c:\Users\justi\Desktop\toyo\toyo\src\lib\social-components\socialIcon.svelte", "Svelte", 0, 0, 44, 0, 0, 0, 0, 0, 0, 0, 0, 0, 4, 48
"c:\Users\justi\Desktop\toyo\toyo\src\lib\store\applicationForm.ts", "TypeScript", 0, 0, 0, 42, 0, 0, 0, 0, 0, 0, 0, 0, 11, 53
"c:\Users\justi\Desktop\toyo\toyo\src\lib\store\formUpdates.ts", "TypeScript", 0, 0, 0, 4, 0, 0, 0, 0, 0, 0, 0, 0, 2, 6
"c:\Users\justi\Desktop\toyo\toyo\src\lib\store\personalSubform.ts", "TypeScript", 0, 0, 0, 23, 0, 0, 0, 0, 0, 0, 0, 0, 2, 25
"c:\Users\justi\Desktop\toyo\toyo\src\lib\store\scheduleSubform.ts", "TypeScript", 0, 0, 0, 35, 0, 0, 0, 0, 0, 0, 0, 0, 3, 38
"c:\Users\justi\Desktop\toyo\toyo\src\lib\store\schoolSubform.ts", "TypeScript", 0, 0, 0, 5, 0, 0, 0, 0, 0, 0, 0, 0, 2, 7
"c:\Users\justi\Desktop\toyo\toyo\src\lib\store\sessionStorage.js", "JavaScript", 0, 9, 0, 0, 0, 0, 0, 0, 0, 0, 0, 1, 3, 13
"c:\Users\justi\Desktop\toyo\toyo\src\lib\store\windowData.ts", "TypeScript", 0, 0, 0, 3, 0, 0, 0, 0, 0, 0, 0, 0, 2, 5
"c:\Users\justi\Desktop\toyo\toyo\src\lib\svg\number.svelte", "Svelte", 0, 0, 10, 0, 0, 0, 0, 0, 0, 0, 0, 0, 1, 11
"c:\Users\justi\Desktop\toyo\toyo\src\lib\tables\LeftColumnTitleTable.svelte", "Svelte", 0, 0, 16, 0, 0, 0, 0, 0, 0, 0, 0, 0, 5, 21
"c:\Users\justi\Desktop\toyo\toyo\src\lib\tables\LessonSchedule.svelte", "Svelte", 0, 0, 23, 0, 0, 0, 0, 0, 0, 0, 0, 0, 2, 25
"c:\Users\justi\Desktop\toyo\toyo\src\lib\tables\TableContent.svelte", "Svelte", 0, 0, 41, 0, 0, 0, 0, 0, 0, 0, 0, 0, 5, 46
"c:\Users\justi\Desktop\toyo\toyo\src\lib\tables\TableDefs.ts", "TypeScript", 0, 0, 0, 264, 0, 0, 0, 0, 0, 0, 0, 0, 17, 281
"c:\Users\justi\Desktop\toyo\toyo\src\lib\tables\TableWrapper.svelte", "Svelte", 0, 0, 42, 0, 0, 0, 0, 0, 0, 0, 0, 0, 4, 46
"c:\Users\justi\Desktop\toyo\toyo\src\lib\testimonials\Profile.svelte", "Svelte", 0, 0, 32, 0, 0, 0, 0, 0, 0, 0, 0, 0, 2, 34
"c:\Users\justi\Desktop\toyo\toyo\src\lib\testimonials\Quote.svelte", "Svelte", 0, 0, 30, 0, 0, 0, 0, 0, 0, 0, 0, 0, 3, 33
"c:\Users\justi\Desktop\toyo\toyo\src\lib\testimonials\Testimonial.svelte", "Svelte", 0, 0, 90, 0, 0, 0, 0, 0, 0, 0, 0, 0, 9, 99
"c:\Users\justi\Desktop\toyo\toyo\src\lib\testimonials\TestimonialData.ts", "TypeScript", 0, 0, 0, 103, 0, 0, 0, 0, 0, 0, 0, 0, 9, 112
"c:\Users\justi\Desktop\toyo\toyo\src\lib\transitions\PageTransition.svelte", "Svelte", 0, 0, 17, 0, 0, 0, 0, 0, 0, 0, 0, 0, 4, 21
"c:\Users\justi\Desktop\toyo\toyo\src\lib\tweens\buildTween.js", "JavaScript", 0, 12, 0, 0, 0, 0, 0, 0, 0, 0, 0, 0, 5, 17
"c:\Users\justi\Desktop\toyo\toyo\src\lib\tweens\buildTween.ts", "TypeScript", 0, 0, 0, 12, 0, 0, 0, 0, 0, 0, 0, 0, 4, 16
"c:\Users\justi\Desktop\toyo\toyo\src\lib\wrappers\SectionWrapper.svelte", "Svelte", 0, 0, 22, 0, 0, 0, 0, 0, 0, 0, 0, 0, 4, 26
"c:\Users\justi\Desktop\toyo\toyo\src\lib\wrappers\TextWrapper.svelte", "Svelte", 0, 0, 5, 0, 0, 0, 0, 0, 0, 0, 0, 0, 2, 7
"c:\Users\justi\Desktop\toyo\toyo\src\lib\wrappers\flex-row-wrapper.svelte", "Svelte", 0, 0, 0, 0, 0, 0, 0, 0, 0, 0, 0, 0, 1, 1
"c:\Users\justi\Desktop\toyo\toyo\src\lib\wrappers\media-wrapper.svelte", "Svelte", 0, 0, 27, 0, 0, 0, 0, 0, 0, 0, 0, 0, 5, 32
"c:\Users\justi\Desktop\toyo\toyo\src\routes\(app)\+layout.js", "JavaScript", 0, 7, 0, 0, 0, 0, 0, 0, 0, 0, 0, 0, 3, 10
"c:\Users\justi\Desktop\toyo\toyo\src\routes\(app)\+layout@.svelte", "Svelte", 0, 0, 44, 0, 0, 0, 0, 0, 0, 0, 0, 0, 9, 53
"c:\Users\justi\Desktop\toyo\toyo\src\routes\(app)\+page.js", "JavaScript", 0, 5, 0, 0, 0, 0, 0, 0, 0, 0, 0, 0, 1, 6
"c:\Users\justi\Desktop\toyo\toyo\src\routes\(app)\+page.svelte", "Svelte", 0, 0, 103, 0, 0, 0, 0, 0, 0, 0, 0, 0, 6, 109
"c:\Users\justi\Desktop\toyo\toyo\src\routes\(app)\university\about\+page.svelte", "Svelte", 0, 0, 96, 0, 0, 0, 0, 0, 0, 0, 0, 0, 13, 109
"c:\Users\justi\Desktop\toyo\toyo\src\routes\(app)\university\apply\+page.svelte", "Svelte", 0, 0, 13, 0, 0, 0, 0, 0, 0, 0, 0, 0, 3, 16
"c:\Users\justi\Desktop\toyo\toyo\src\routes\(app)\university\details\+page.svelte", "Svelte", 0, 0, 6, 0, 0, 0, 0, 0, 0, 0, 0, 0, 2, 8
"c:\Users\justi\Desktop\toyo\toyo\src\routes\(app)\university\faq\+page.svelte", "Svelte", 0, 0, 24, 0, 0, 0, 0, 0, 0, 0, 0, 0, 3, 27
"c:\Users\justi\Desktop\toyo\toyo\src\routes\(app)\university\news\+page.svelte", "Svelte", 0, 0, 4, 0, 0, 0, 0, 0, 0, 0, 0, 0, 2, 6
"c:\Users\justi\Desktop\toyo\toyo\src\routes\(special)\+layout.js", "JavaScript", 0, 7, 0, 0, 0, 0, 0, 0, 0, 0, 0, 0, 3, 10
"c:\Users\justi\Desktop\toyo\toyo\src\routes\(special)\+layout@.svelte", "Svelte", 0, 0, 41, 0, 0, 0, 0, 0, 0, 0, 0, 1, 9, 51
"c:\Users\justi\Desktop\toyo\toyo\src\routes\(special)\special\+page.js", "JavaScript", 0, 5, 0, 0, 0, 0, 0, 0, 0, 0, 0, 0, 1, 6
"c:\Users\justi\Desktop\toyo\toyo\src\routes\(special)\special\+page.svelte", "Svelte", 0, 0, 51, 0, 0, 0, 0, 0, 0, 0, 0, 0, 6, 57
"c:\Users\justi\Desktop\toyo\toyo\src\routes\(special)\special\public\+page.svelte", "Svelte", 0, 0, 3, 0, 0, 0, 0, 0, 0, 0, 0, 0, 2, 5
"c:\Users\justi\Desktop\toyo\toyo\src\routes\(special)\special\specialfaq\+page.svelte", "Svelte", 0, 0, 25, 0, 0, 0, 0, 0, 0, 0, 0, 0, 4, 29
"c:\Users\justi\Desktop\toyo\toyo\src\routes\(special)\special\specialnews\+page.svelte", "Svelte", 0, 0, 3, 0, 0, 0, 0, 0, 0, 0, 0, 0, 2, 5
"c:\Users\justi\Desktop\toyo\toyo\src\routes\(special)\special\students\+page.svelte", "Svelte", 0, 0, 3, 0, 0, 0, 0, 0, 0, 0, 0, 0, 2, 5
"c:\Users\justi\Desktop\toyo\toyo\src\routes\+layout.svelte", "Svelte", 0, 0, 1, 0, 0, 0, 0, 0, 0, 0, 0, 0, 1, 2
"c:\Users\justi\Desktop\toyo\toyo\svelte.config.js", "JavaScript", 0, 14, 0, 0, 0, 0, 0, 0, 0, 0, 0, 1, 4, 19
"c:\Users\justi\Desktop\toyo\toyo\tailwind.config.cjs", "JavaScript", 0, 19, 0, 0, 0, 0, 0, 0, 0, 0, 0, 1, 1, 21
"c:\Users\justi\Desktop\toyo\toyo\tsconfig.json", "JSON with Comments", 15, 0, 0, 0, 0, 0, 0, 0, 0, 0, 0, 4, 2, 21
"c:\Users\justi\Desktop\toyo\toyo\vite.config.js", "JavaScript", 0, 9, 0, 0, 0, 0, 0, 0, 0, 0, 0, 2, 4, 15
"Total", "-", 15, 113, 4324, 1850, 15, 11, 24, 53, 7473, 15, 5, 36, 909, 14843